Scenario,Theoretical_Revenue,Feasible_Revenue,Stockout_Risk
Baseline,320957025.08000004,273350461.40072274,Low
-10% Price,489032284.2348207,435552134.5411805,High
5% Price,220238482.03068796,175186484.08998638,Medium
10% Price,108399330.00010803,65689188.77161743,Medium
